dato;dag;lead;otb_rum;otb_senge;v3_rum;v4_rum;v3_seng;v4_seng;v3_flex;v4_flex;forskel;bid_price;uenige
2026-10-04;søn;0;9;1;530,0;530,0;250,0;250,0;0;0;0,0;0,0;False
2026-10-05;man;1;43;1;620,0;580,0;240,0;260,0;0;7;-40,0;1,0;True
2026-10-06;tir;2;61;0;670,0;670,0;250,0;250,0;20;16;0,0;91,0;True
2026-10-07;ons;3;25;1;640,0;640,0;230,0;230,0;0;17;0,0;12,0;True
2026-10-08;tor;4;10;2;590,0;630,0;270,0;270,0;0;9;40,0;3,0;True
2026-10-09;fre;5;24;1;680,0;680,0;280,0;280,0;0;14;0,0;14,0;True
2026-10-10;lør;6;34;5;750,0;750,0;330,0;300,0;0;14;0,0;35,0;True
2026-10-11;søn;7;8;0;530,0;530,0;250,0;250,0;0;0;0,0;0,0;False
2026-10-12;man;8;17;0;580,0;540,0;260,0;260,0;0;7;-40,0;2,0;True
2026-10-13;tir;9;19;1;580,0;580,0;230,0;230,0;0;17;0,0;28,0;True
2026-10-14;ons;10;18;1;640,0;640,0;250,0;250,0;0;17;0,0;38,0;True
2026-10-15;tor;11;16;1;590,0;630,0;230,0;230,0;0;17;40,0;17,0;True
2026-10-16;fre;12;28;2;730,0;640,0;300,0;300,0;2;15;-90,0;33,0;True
2026-10-17;lør;13;29;1;750,0;650,0;330,0;330,0;5;14;-100,0;58,0;True
2026-10-18;søn;14;6;1;530,0;530,0;250,0;250,0;0;0;0,0;0,0;False
2026-10-19;man;15;5;2;540,0;580,0;260,0;260,0;0;11;40,0;4,0;True
2026-10-20;tir;16;32;5;620,0;620,0;250,0;250,0;15;16;0,0;29,0;True
2026-10-21;ons;17;46;7;690,0;600,0;250,0;250,0;19;17;-90,0;66,0;True
2026-10-22;tor;18;29;8;680,0;630,0;300,0;270,0;11;15;-50,0;16,0;True
2026-10-23;fre;19;32;6;730,0;640,0;300,0;300,0;16;14;-90,0;42,0;True
2026-10-24;lør;20;27;4;700,0;650,0;330,0;330,0;9;14;-50,0;62,0;True
2026-10-25;søn;21;9;1;570,0;570,0;250,0;250,0;0;0;0,0;0,0;False
2026-10-26;man;22;10;1;540,0;540,0;260,0;280,0;0;9;0,0;2,0;True
2026-10-27;tir;23;17;2;620,0;620,0;270,0;290,0;0;16;0,0;34,0;True
2026-10-28;ons;24;17;1;640,0;640,0;250,0;250,0;0;17;0,0;49,0;True
2026-10-29;tor;25;12;1;630,0;630,0;270,0;270,0;0;17;0,0;26,0;True
2026-10-30;fre;26;23;2;680,0;590,0;300,0;280,0;7;15;-90,0;53,0;True
2026-10-31;lør;27;19;2;750,0;650,0;330,0;330,0;1;14;-100,0;68,0;True
2026-11-01;søn;28;2;1;600,0;600,0;240,0;240,0;0;0;0,0;0,0;False
2026-11-02;man;29;3;1;600,0;600,0;230,0;230,0;0;0;0,0;0,0;False
2026-11-03;tir;30;3;1;520,0;520,0;240,0;240,0;0;12;0,0;4,0;True
2026-11-04;ons;31;6;1;530,0;530,0;240,0;240,0;0;15;0,0;7,0;True
2026-11-05;tor;32;4;3;520,0;560,0;250,0;240,0;0;16;40,0;13,0;True
2026-11-06;fre;33;16;3;700,0;650,0;270,0;270,0;0;16;-50,0;54,0;True
2026-11-07;lør;34;14;3;670,0;620,0;320,0;270,0;0;15;-50,0;46,0;True
2026-11-08;søn;35;1;0;510,0;510,0;240,0;240,0;0;0;0,0;0,0;False
2026-11-09;man;36;2;0;550,0;550,0;250,0;250,0;0;0;0,0;1,0;False
2026-11-10;tir;37;4;0;560,0;560,0;250,0;250,0;0;11;0,0;4,0;True
2026-11-11;ons;38;19;0;660,0;530,0;240,0;240,0;2;6;-130,0;1,0;True
2026-11-12;tor;39;18;0;650,0;600,0;250,0;250,0;0;15;-50,0;6,0;True
2026-11-13;fre;40;15;0;700,0;650,0;290,0;270,0;0;16;-50,0;60,0;True
2026-11-14;lør;41;24;0;720,0;620,0;290,0;290,0;16;15;-100,0;40,0;True
2026-11-15;søn;42;5;0;510,0;510,0;240,0;260,0;0;0;0,0;0,0;True
2026-11-16;man;43;10;0;520,0;520,0;230,0;230,0;0;0;0,0;0,0;False
2026-11-17;tir;44;27;0;640,0;560,0;250,0;250,0;17;0;-80,0;0,0;True
2026-11-18;ons;45;10;0;580,0;530,0;240,0;260,0;0;12;-50,0;5,0;True
2026-11-19;tor;46;9;0;560,0;560,0;240,0;240,0;0;16;0,0;12,0;True
2026-11-20;fre;47;50;0;700,0;610,0;310,0;310,0;19;15;-90,0;15,0;True
2026-11-21;lør;48;12;0;670,0;670,0;320,0;320,0;0;15;0,0;52,0;True
2026-11-22;søn;49;2;0;600,0;600,0;260,0;260,0;0;0;0,0;0,0;False
2026-11-23;man;50;26;0;600,0;600,0;250,0;250,0;15;0;0,0;0,0;True
2026-11-24;tir;51;26;0;640,0;600,0;240,0;240,0;16;0;-40,0;0,0;True
2026-11-25;ons;52;4;0;530,0;580,0;260,0;260,0;0;15;50,0;8,0;True
2026-11-26;tor;53;5;0;560,0;600,0;250,0;250,0;0;17;40,0;16,0;True
2026-11-27;fre;54;11;0;650,0;610,0;290,0;290,0;0;15;-40,0;45,0;True
2026-11-28;lør;55;17;0;780,0;670,0;320,0;320,0;8;15;-110,0;49,0;True
2026-11-29;søn;56;1;0;550,0;550,0;260,0;260,0;0;0;0,0;0,0;False
2026-11-30;man;57;7;0;550,0;550,0;250,0;250,0;0;0;0,0;0,0;False
2026-12-01;tir;58;7;0;550,0;550,0;230,0;230,0;0;4;0,0;2,0;True
2026-12-02;ons;59;10;0;530,0;530,0;240,0;240,0;0;12;0,0;3,0;True
2026-12-03;tor;60;9;1;560,0;560,0;250,0;250,0;0;8;0,0;2,0;True
2026-12-04;fre;61;9;1;600,0;600,0;290,0;290,0;0;16;0,0;23,0;True
2026-12-05;lør;62;12;1;660,0;580,0;290,0;290,0;2;15;-80,0;20,0;True
2026-12-06;søn;63;4;1;510,0;510,0;240,0;240,0;0;0;0,0;0,0;False
2026-12-07;man;64;1;0;550,0;550,0;260,0;260,0;0;0;0,0;1,0;False
2026-12-08;tir;65;2;0;550,0;550,0;230,0;230,0;0;11;0,0;3,0;True
2026-12-09;ons;66;13;0;570,0;570,0;240,0;240,0;0;9;0,0;2,0;True
2026-12-10;tor;67;15;0;600,0;600,0;230,0;230,0;0;1;0,0;1,0;True
2026-12-11;fre;68;8;0;650,0;650,0;290,0;290,0;0;16;0,0;24,0;True
2026-12-12;lør;69;3;0;620,0;620,0;310,0;310,0;0;16;0,0;32,0;True
2026-12-13;søn;70;1;0;570,0;570,0;240,0;240,0;0;0;0,0;0,0;False
2026-12-14;man;71;14;1;550,0;550,0;240,0;240,0;0;0;0,0;0,0;False
2026-12-15;tir;72;15;0;590,0;550,0;250,0;250,0;0;0;-40,0;0,0;True
2026-12-16;ons;73;15;0;610,0;570,0;240,0;240,0;0;5;-40,0;1,0;True
2026-12-17;tor;74;2;0;560,0;560,0;250,0;250,0;0;16;0,0;5,0;True
2026-12-18;fre;75;3;0;600,0;600,0;290,0;290,0;0;16;0,0;30,0;True
2026-12-19;lør;76;6;0;620,0;620,0;290,0;290,0;0;16;0,0;27,0;True
2026-12-20;søn;77;5;0;510,0;510,0;250,0;250,0;0;0;0,0;0,0;False
2026-12-21;man;78;5;0;550,0;550,0;230,0;230,0;0;0;0,0;1,0;False
2026-12-22;tir;79;7;0;550,0;510,0;230,0;230,0;0;3;-40,0;1,0;True
2026-12-23;ons;80;4;0;570,0;570,0;240,0;240,0;0;16;0,0;7,0;True
2026-12-24;tor;81;5;1;600,0;600,0;230,0;230,0;0;14;0,0;4,0;True
2026-12-25;fre;82;3;0;600,0;600,0;290,0;290,0;0;16;0,0;30,0;True
2026-12-26;lør;83;4;0;620,0;620,0;290,0;290,0;0;16;0,0;31,0;True
2026-12-27;søn;84;6;0;570,0;570,0;240,0;240,0;0;0;0,0;0,0;False
2026-12-28;man;85;1;0;510,0;510,0;230,0;230,0;0;0;0,0;0,0;False
2026-12-29;tir;86;3;1;510,0;510,0;250,0;250,0;0;9;0,0;2,0;True
2026-12-30;ons;87;2;1;530,0;530,0;260,0;260,0;0;17;0,0;8,0;True
2026-12-31;tor;88;2;1;520,0;520,0;250,0;250,0;0;15;0,0;6,0;True
2027-01-01;fre;89;1;2;640,0;640,0;280,0;280,0;0;5;0,0;1,0;True
2027-01-02;lør;90;1;1;650,0;650,0;290,0;290,0;0;4;0,0;1,0;True
2027-01-03;søn;91;1;1;540,0;540,0;270,0;270,0;0;0;0,0;0,0;False
2027-01-04;man;92;1;1;550,0;550,0;240,0;240,0;0;0;0,0;0,0;False
2027-01-05;tir;93;1;1;580,0;580,0;270,0;270,0;0;0;0,0;0,0;False
2027-01-06;ons;94;2;1;560,0;560,0;230,0;230,0;0;0;0,0;1,0;False
2027-01-07;tor;95;1;0;550,0;550,0;230,0;230,0;0;0;0,0;0,0;False
2027-01-08;fre;96;1;0;590,0;590,0;280,0;260,0;0;4;0,0;1,0;True
2027-01-09;lør;97;1;0;650,0;650,0;290,0;290,0;0;4;0,0;1,0;True
2027-01-10;søn;98;1;0;570,0;570,0;230,0;230,0;0;0;0,0;0,0;False
2027-01-11;man;99;1;0;550,0;550,0;240,0;240,0;0;0;0,0;0,0;False
2027-01-12;tir;100;1;0;540,0;540,0;230,0;230,0;0;0;0,0;0,0;False
2027-01-13;ons;101;2;0;520,0;520,0;250,0;250,0;0;0;0,0;1,0;False
2027-01-14;tor;102;1;0;440,0;440,0;200,0;200,0;0;0;0,0;0,0;False
2027-01-15;fre;103;2;0;510,0;480,0;240,0;240,0;0;0;-30,0;1,0;True
2027-01-16;lør;104;2;0;520,0;490,0;270,0;270,0;0;0;-30,0;1,0;True
2027-01-17;søn;105;1;0;380,0;380,0;190,0;190,0;0;0;0,0;0,0;False
2027-01-18;man;106;1;0;380,0;380,0;180,0;180,0;0;0;0,0;0,0;False
2027-01-19;tir;107;1;0;440,0;440,0;190,0;190,0;0;0;0,0;0,0;False
2027-01-20;ons;108;2;0;450,0;450,0;190,0;190,0;0;0;0,0;1,0;False
2027-01-21;tor;109;1;0;440,0;440,0;200,0;200,0;0;0;0,0;0,0;False
2027-01-22;fre;110;1;1;510,0;480,0;240,0;240,0;0;2;-30,0;1,0;True
2027-01-23;lør;111;4;1;560,0;490,0;270,0;270,0;0;0;-70,0;1,0;True
2027-01-24;søn;112;2;0;380,0;380,0;190,0;190,0;0;0;0,0;0,0;False
2027-01-25;man;113;1;0;380,0;380,0;180,0;180,0;0;0;0,0;0,0;False
2027-01-26;tir;114;1;0;440,0;440,0;190,0;190,0;0;0;0,0;0,0;False
2027-01-27;ons;115;2;0;450,0;450,0;190,0;190,0;0;0;0,0;1,0;False
2027-01-28;tor;116;1;0;440,0;440,0;200,0;200,0;0;0;0,0;0,0;False
2027-01-29;fre;117;14;0;590,0;480,0;240,0;240,0;19;0;-110,0;0,0;True
2027-01-30;lør;118;14;0;600,0;490,0;270,0;270,0;18;0;-110,0;0,0;True
2027-01-31;søn;119;1;0;380,0;380,0;190,0;190,0;0;0;0,0;0,0;False
2027-02-01;man;120;1;0;380,0;380,0;180,0;180,0;0;0;0,0;0,0;False
