dato;medianpris_vaerelse;medianpris_seng;antal;laveste_budget;hoejeste_budget;spredning_budget;robertas_society;milling_hotel_ritz;datakvalitet;note
2026-10-04;644;;3;616;700;84;387;976;God;Median baseret på Cabinn, Wakeup og Aarhus Hostel og Hotel
2026-10-05;777;;3;616;783;167;359;1512;God;Median baseret på Cabinn, Wakeup og Aarhus Hostel og Hotel
2026-10-06;766;;3;616;967;351;437;2139;God;Median baseret på Cabinn, Wakeup og Aarhus Hostel og Hotel
2026-10-07;783;;3;599;961;362;364;1862;God;Median baseret på Cabinn, Wakeup og Aarhus Hostel og Hotel
2026-10-08;766;;3;616;900;284;349;1280;God;Median baseret på Cabinn, Wakeup og Aarhus Hostel og Hotel
2026-10-09;800;;3;616;800;184;501;1232;God;Median baseret på Cabinn, Wakeup og Aarhus Hostel og Hotel
2026-10-10;800;;3;616;845;229;728;1654;God;Median baseret på Cabinn, Wakeup og Aarhus Hostel og Hotel
2026-10-11;644;;3;616;680;64;343;1037;God;Median baseret på Cabinn, Wakeup og Aarhus Hostel og Hotel
2026-10-12;660;;3;616;667;51;555;1290;God;Median baseret på Cabinn, Wakeup og Aarhus Hostel og Hotel
2026-10-13;667;;3;616;680;64;451;1092;God;Median baseret på Cabinn, Wakeup og Aarhus Hostel og Hotel
2026-10-14;653;;3;616;678;62;530;1134;God;Median baseret på Cabinn, Wakeup og Aarhus Hostel og Hotel
2026-10-15;654;;3;616;692;76;454;1118;God;Median baseret på Cabinn, Wakeup og Aarhus Hostel og Hotel
2026-10-16;662;;3;616;678;62;402;1242;God;Median baseret på Cabinn, Wakeup og Aarhus Hostel og Hotel
2026-10-17;654;;3;616;765;149;427;1153;God;Median baseret på Cabinn, Wakeup og Aarhus Hostel og Hotel
2026-10-18;644;;3;616;662;46;351;900;God;Median baseret på Cabinn, Wakeup og Aarhus Hostel og Hotel
2026-10-19;750;;3;616;765;149;404;1011;God;Median baseret på Cabinn, Wakeup og Aarhus Hostel og Hotel
2026-10-20;764;;3;616;954;338;507;1158;God;Median baseret på Cabinn, Wakeup og Aarhus Hostel og Hotel
2026-10-21;644;;3;616;953;337;527;1383;God;Median baseret på Cabinn, Wakeup og Aarhus Hostel og Hotel
2026-10-22;644;;3;616;857;241;502;1618;God;Median baseret på Cabinn, Wakeup og Aarhus Hostel og Hotel
2026-10-23;644;;3;616;807;191;502;1611;God;Median baseret på Cabinn, Wakeup og Aarhus Hostel og Hotel
2026-10-24;644;;3;616;808;192;600;1306;God;Median baseret på Cabinn, Wakeup og Aarhus Hostel og Hotel
2026-10-25;644;;3;616;680;64;365;955;God;Median baseret på Cabinn, Wakeup og Aarhus Hostel og Hotel
2026-10-26;644;;3;616;759;143;331;1199;God;Median baseret på Cabinn, Wakeup og Aarhus Hostel og Hotel
2026-10-27;644;;3;616;953;337;378;1467;God;Median baseret på Cabinn, Wakeup og Aarhus Hostel og Hotel
2026-10-28;644;;3;616;954;338;362;1350;God;Median baseret på Cabinn, Wakeup og Aarhus Hostel og Hotel
2026-10-29;644;;3;616;847;231;371;1119;God;Median baseret på Cabinn, Wakeup og Aarhus Hostel og Hotel
2026-10-30;644;;3;616;797;181;423;1189;God;Median baseret på Cabinn, Wakeup og Aarhus Hostel og Hotel
2026-10-31;644;;3;616;807;191;495;1267;God;Median baseret på Cabinn, Wakeup og Aarhus Hostel og Hotel
2026-11-01;644;;3;616;662;46;364;902;God;Median baseret på Cabinn, Wakeup og Aarhus Hostel og Hotel
2026-11-02;644;;3;616;662;46;328;1086;God;Median baseret på Cabinn, Wakeup og Aarhus Hostel og Hotel
2026-11-03;644;;3;616;759;143;363;1455;God;Median baseret på Cabinn, Wakeup og Aarhus Hostel og Hotel
2026-11-04;644;;3;616;759;143;353;1620;God;Median baseret på Cabinn, Wakeup og Aarhus Hostel og Hotel
2026-11-05;644;;3;616;662;46;366;1242;God;Median baseret på Cabinn, Wakeup og Aarhus Hostel og Hotel
2026-11-06;752;;2;662;842;180;480;1208;Brugbar;Median baseret på Cabinn, Wakeup og Aarhus Hostel og Hotel
