dato;Cabinn Aarhus;Wakeup Aarhus;Roberta's Society;Aarhus Hostel og Hotel;Milling Hotel Ritz
2026-10-03;;;915;;
2026-10-04;644;700;387;616;976
2026-10-05;783;777;359;616;1512
2026-10-06;766;967;437;616;2139
2026-10-07;783;961;364;599;1862
2026-10-08;766;900;349;616;1280
2026-10-09;800;800;501;616;1232
2026-10-10;800;845;728;616;1654
2026-10-11;644;680;343;616;1037
2026-10-12;667;660;555;616;1290
2026-10-13;667;680;451;616;1092
2026-10-14;678;653;530;616;1134
2026-10-15;692;654;454;616;1118
2026-10-16;678;662;402;616;1242
2026-10-17;765;654;427;616;1153
2026-10-18;644;662;351;616;900
2026-10-19;765;750;404;616;1011
2026-10-20;764;954;507;616;1158
2026-10-21;644;953;527;616;1383
2026-10-22;644;857;502;616;1618
2026-10-23;644;807;502;616;1611
2026-10-24;644;808;600;616;1306
2026-10-25;644;680;365;616;955
2026-10-26;644;759;331;616;1199
2026-10-27;644;953;378;616;1467
2026-10-28;644;954;362;616;1350
2026-10-29;644;847;371;616;1119
2026-10-30;644;797;423;616;1189
2026-10-31;644;807;495;616;1267
2026-11-01;644;662;364;616;902
2026-11-02;644;662;328;616;1086
2026-11-03;644;759;363;616;1455
2026-11-04;644;759;353;616;1620
2026-11-05;644;662;366;616;1242
2026-11-06;842;662;480;;1208
2026-11-07;842;;446;;1263
